SR,5,I
SR,5,II
SR,5,III
SR,5,AVL
SR,5,AVR
SR,5,AVF
SR,5,V1
SR,5,V2
SR,5,V3
SR,5,V4
SR,5,V5
SR,5,V6
SR,7,I
SR,7,II
SR,7,III
SR,7,AVL
SR,7,AVR
SR,7,AVF
SR,7,V1
SR,7,V2
SR,7,V3
SR,7,V4
SR,7,V5
SR,7,V6
PACE,15,I
PACE,15,II
PACE,15,III
PACE,15,AVL
PACE,15,AVR
PACE,15,AVF
PACE,15,V1
PACE,15,V2
PACE,15,V3
PACE,15,V4
PACE,15,V5
PACE,15,V6
SVTAC,7,I
SVTAC,7,II
SVTAC,7,III
SVTAC,7,AVL
SVTAC,7,AVR
SVTAC,7,AVF
SVTAC,7,V1
SVTAC,7,V2
SVTAC,7,V3
SVTAC,7,V4
SVTAC,7,V5
SVTAC,7,V6
SVTAC,11,I
SVTAC,11,II
SVTAC,11,III
SVTAC,11,AVL
SVTAC,11,AVR
SVTAC,11,AVF
SVTAC,11,V1
SVTAC,11,V2
SVTAC,11,V3
SVTAC,11,V4
SVTAC,11,V5
SVTAC,11,V6
AF,JS00803,I
AF,JS00803,II
AF,JS00803,III
AF,JS00803,aVR
AF,JS00803,aVL
AF,JS00803,aVF
AF,JS00803,V1
AF,JS00803,V2
AF,JS00803,V3
AF,JS00803,V4
AF,JS00803,V5
AF,JS00803,V6
AF,JS00781,I
AF,JS00781,II
AF,JS00781,III
AF,JS00781,aVR
AF,JS00781,aVL
AF,JS00781,aVF
AF,JS00781,V1
AF,JS00781,V2
AF,JS00781,V3
AF,JS00781,V4
AF,JS00781,V5
AF,JS00781,V6
LBBB,JS00825,I
LBBB,JS00825,II
LBBB,JS00825,III
LBBB,JS00825,aVR
LBBB,JS00825,aVL
LBBB,JS00825,aVF
LBBB,JS00825,V1
LBBB,JS00825,V2
LBBB,JS00825,V3
LBBB,JS00825,V4
LBBB,JS00825,V5
LBBB,JS00825,V6
RBBB,JS00778,I
RBBB,JS00778,II
RBBB,JS00778,III
RBBB,JS00778,aVR
RBBB,JS00778,aVL
RBBB,JS00778,aVF
RBBB,JS00778,V1
RBBB,JS00778,V2
RBBB,JS00778,V3
RBBB,JS00778,V4
RBBB,JS00778,V5
RBBB,JS00778,V6
RBBB,JS00798,I
RBBB,JS00798,II
RBBB,JS00798,III
RBBB,JS00798,aVR
RBBB,JS00798,aVL
RBBB,JS00798,aVF
RBBB,JS00798,V1
RBBB,JS00798,V2
RBBB,JS00798,V3
RBBB,JS00798,V4
RBBB,JS00798,V5
RBBB,JS00798,V6
SVT,JS22918,I
SVT,JS22918,II
SVT,JS22918,III
SVT,JS22918,aVR
SVT,JS22918,aVL
SVT,JS22918,aVF
SVT,JS22918,V1
SVT,JS22918,V2
SVT,JS22918,V3
SVT,JS22918,V4
SVT,JS22918,V5
SVT,JS22918,V6
VFIB,003208,I
VFIB,003208,II
VFIB,003208,III
VFIB,003208,aVR
VFIB,003208,aVL
VFIB,003208,aVF
VFIB,003208,V1
VFIB,003208,V2
VFIB,003208,V3
VFIB,003208,V4
VFIB,003208,V5
VFIB,003208,V6
VFIB,055676,I
VFIB,055676,II
VFIB,055676,III
VFIB,055676,aVR
VFIB,055676,aVL
VFIB,055676,aVF
VFIB,055676,V1
VFIB,055676,V2
VFIB,055676,V3
VFIB,055676,V4
VFIB,055676,V5
VFIB,055676,V6
NSR,JS38392,I
NSR,JS38392,II
NSR,JS38392,III
NSR,JS38392,aVR
NSR,JS38392,aVL
NSR,JS38392,aVF
NSR,JS38392,V1
NSR,JS38392,V2
NSR,JS38392,V3
NSR,JS38392,V4
NSR,JS38392,V5
NSR,JS38392,V6
NSR,JS38389,I
NSR,JS38389,II
NSR,JS38389,III
NSR,JS38389,aVR
NSR,JS38389,aVL
NSR,JS38389,aVF
NSR,JS38389,V1
NSR,JS38389,V2
NSR,JS38389,V3
NSR,JS38389,V4
NSR,JS38389,V5
NSR,JS38389,V6
ST,JS42646,I
ST,JS42646,II
ST,JS42646,III
ST,JS42646,aVR
ST,JS42646,aVL
ST,JS42646,aVF
ST,JS42646,V1
ST,JS42646,V2
ST,JS42646,V3
ST,JS42646,V4
ST,JS42646,V5
ST,JS42646,V6
ST,JS42683,I
ST,JS42683,II
ST,JS42683,III
ST,JS42683,aVR
ST,JS42683,aVL
ST,JS42683,aVF
ST,JS42683,V1
ST,JS42683,V2
ST,JS42683,V3
ST,JS42683,V4
ST,JS42683,V5
ST,JS42683,V6
SB,JS33459,I
SB,JS33459,II
SB,JS33459,III
SB,JS33459,aVR
SB,JS33459,aVL
SB,JS33459,aVF
SB,JS33459,V1
SB,JS33459,V2
SB,JS33459,V3
SB,JS33459,V4
SB,JS33459,V5
SB,JS33459,V6
SB,JS33463,I
SB,JS33463,II
SB,JS33463,III
SB,JS33463,aVR
SB,JS33463,aVL
SB,JS33463,aVF
SB,JS33463,V1
SB,JS33463,V2
SB,JS33463,V3
SB,JS33463,V4
SB,JS33463,V5
SB,JS33463,V6
PACE,PTBXL-08964,I
PACE,PTBXL-08964,II
PACE,PTBXL-08964,III
PACE,PTBXL-08964,aVR
PACE,PTBXL-08964,aVL
PACE,PTBXL-08964,aVF
PACE,PTBXL-08964,V1
PACE,PTBXL-08964,V2
PACE,PTBXL-08964,V3
PACE,PTBXL-08964,V4
PACE,PTBXL-08964,V5
PACE,PTBXL-08964,V6
PACE,PTBXL-16746,I
PACE,PTBXL-16746,II
PACE,PTBXL-16746,III
PACE,PTBXL-16746,aVR
PACE,PTBXL-16746,aVL
PACE,PTBXL-16746,aVF
PACE,PTBXL-16746,V1
PACE,PTBXL-16746,V2
PACE,PTBXL-16746,V3
PACE,PTBXL-16746,V4
PACE,PTBXL-16746,V5
PACE,PTBXL-16746,V6
VT,MIMIC-42528643,I
VT,MIMIC-42528643,II
VT,MIMIC-42528643,III
VT,MIMIC-42528643,aVR
VT,MIMIC-42528643,aVL
VT,MIMIC-42528643,aVF
VT,MIMIC-42528643,V1
VT,MIMIC-42528643,V2
VT,MIMIC-42528643,V3
VT,MIMIC-42528643,V4
VT,MIMIC-42528643,V5
VT,MIMIC-42528643,V6
VT,MIMIC-46230285,I
VT,MIMIC-46230285,II
VT,MIMIC-46230285,III
VT,MIMIC-46230285,aVR
VT,MIMIC-46230285,aVL
VT,MIMIC-46230285,aVF
VT,MIMIC-46230285,V1
VT,MIMIC-46230285,V2
VT,MIMIC-46230285,V3
VT,MIMIC-46230285,V4
VT,MIMIC-46230285,V5
VT,MIMIC-46230285,V6
AFIB,MIMIC-42981882,I
AFIB,MIMIC-42981882,II
AFIB,MIMIC-42981882,III
AFIB,MIMIC-42981882,aVR
AFIB,MIMIC-42981882,aVL
AFIB,MIMIC-42981882,aVF
AFIB,MIMIC-42981882,V1
AFIB,MIMIC-42981882,V2
AFIB,MIMIC-42981882,V3
AFIB,MIMIC-42981882,V4
AFIB,MIMIC-42981882,V5
AFIB,MIMIC-42981882,V6
AFIB,MIMIC-44278504,I
AFIB,MIMIC-44278504,II
AFIB,MIMIC-44278504,III
AFIB,MIMIC-44278504,aVR
AFIB,MIMIC-44278504,aVL
AFIB,MIMIC-44278504,aVF
AFIB,MIMIC-44278504,V1
AFIB,MIMIC-44278504,V2
AFIB,MIMIC-44278504,V3
AFIB,MIMIC-44278504,V4
AFIB,MIMIC-44278504,V5
AFIB,MIMIC-44278504,V6
SVT,MIMIC-41763915,I
SVT,MIMIC-41763915,II
SVT,MIMIC-41763915,III
SVT,MIMIC-41763915,aVR
SVT,MIMIC-41763915,aVL
SVT,MIMIC-41763915,aVF
SVT,MIMIC-41763915,V1
SVT,MIMIC-41763915,V2
SVT,MIMIC-41763915,V3
SVT,MIMIC-41763915,V4
SVT,MIMIC-41763915,V5
SVT,MIMIC-41763915,V6
1AVB,MIMIC-43002088,I
1AVB,MIMIC-43002088,II
1AVB,MIMIC-43002088,III
1AVB,MIMIC-43002088,aVR
1AVB,MIMIC-43002088,aVL
1AVB,MIMIC-43002088,aVF
1AVB,MIMIC-43002088,V1
1AVB,MIMIC-43002088,V2
1AVB,MIMIC-43002088,V3
1AVB,MIMIC-43002088,V4
1AVB,MIMIC-43002088,V5
1AVB,MIMIC-43002088,V6
1AVB,MIMIC-47342156,I
1AVB,MIMIC-47342156,II
1AVB,MIMIC-47342156,III
1AVB,MIMIC-47342156,aVR
1AVB,MIMIC-47342156,aVL
1AVB,MIMIC-47342156,aVF
1AVB,MIMIC-47342156,V1
1AVB,MIMIC-47342156,V2
1AVB,MIMIC-47342156,V3
1AVB,MIMIC-47342156,V4
1AVB,MIMIC-47342156,V5
1AVB,MIMIC-47342156,V6
LBBB,MIMIC-40418655,I
LBBB,MIMIC-40418655,II
LBBB,MIMIC-40418655,III
LBBB,MIMIC-40418655,aVR
LBBB,MIMIC-40418655,aVL
LBBB,MIMIC-40418655,aVF
LBBB,MIMIC-40418655,V1
LBBB,MIMIC-40418655,V2
LBBB,MIMIC-40418655,V3
LBBB,MIMIC-40418655,V4
LBBB,MIMIC-40418655,V5
LBBB,MIMIC-40418655,V6
WPW,MIMIC-48074523,I
WPW,MIMIC-48074523,II
WPW,MIMIC-48074523,III
WPW,MIMIC-48074523,aVR
WPW,MIMIC-48074523,aVL
WPW,MIMIC-48074523,aVF
WPW,MIMIC-48074523,V1
WPW,MIMIC-48074523,V2
WPW,MIMIC-48074523,V3
WPW,MIMIC-48074523,V4
WPW,MIMIC-48074523,V5
WPW,MIMIC-48074523,V6
WPW,MIMIC-40260301,I
WPW,MIMIC-40260301,II
WPW,MIMIC-40260301,III
WPW,MIMIC-40260301,aVR
WPW,MIMIC-40260301,aVL
WPW,MIMIC-40260301,aVF
WPW,MIMIC-40260301,V1
WPW,MIMIC-40260301,V2
WPW,MIMIC-40260301,V3
WPW,MIMIC-40260301,V4
WPW,MIMIC-40260301,V5
WPW,MIMIC-40260301,V6
3AVB,MIMIC-49544373,I
3AVB,MIMIC-49544373,II
3AVB,MIMIC-49544373,III
3AVB,MIMIC-49544373,aVR
3AVB,MIMIC-49544373,aVL
3AVB,MIMIC-49544373,aVF
3AVB,MIMIC-49544373,V1
3AVB,MIMIC-49544373,V2
3AVB,MIMIC-49544373,V3
3AVB,MIMIC-49544373,V4
3AVB,MIMIC-49544373,V5
3AVB,MIMIC-49544373,V6
3AVB,MIMIC-43160448,I
3AVB,MIMIC-43160448,II
3AVB,MIMIC-43160448,III
3AVB,MIMIC-43160448,aVR
3AVB,MIMIC-43160448,aVL
3AVB,MIMIC-43160448,aVF
3AVB,MIMIC-43160448,V1
3AVB,MIMIC-43160448,V2
3AVB,MIMIC-43160448,V3
3AVB,MIMIC-43160448,V4
3AVB,MIMIC-43160448,V5
3AVB,MIMIC-43160448,V6
VPB,MIMIC-43324246,I
VPB,MIMIC-43324246,II
VPB,MIMIC-43324246,III
VPB,MIMIC-43324246,aVR
VPB,MIMIC-43324246,aVL
VPB,MIMIC-43324246,aVF
VPB,MIMIC-43324246,V1
VPB,MIMIC-43324246,V2
VPB,MIMIC-43324246,V3
VPB,MIMIC-43324246,V4
VPB,MIMIC-43324246,V5
VPB,MIMIC-43324246,V6
VPB,MIMIC-46928460,I
VPB,MIMIC-46928460,II
VPB,MIMIC-46928460,III
VPB,MIMIC-46928460,aVR
VPB,MIMIC-46928460,aVL
VPB,MIMIC-46928460,aVF
VPB,MIMIC-46928460,V1
VPB,MIMIC-46928460,V2
VPB,MIMIC-46928460,V3
VPB,MIMIC-46928460,V4
VPB,MIMIC-46928460,V5
VPB,MIMIC-46928460,V6
PVT,CPSC-Q1285,I
PVT,CPSC-Q1285,II
PVT,CPSC-Q1285,III
PVT,CPSC-Q1285,aVR
PVT,CPSC-Q1285,aVL
PVT,CPSC-Q1285,aVF
PVT,CPSC-Q1285,V1
PVT,CPSC-Q1285,V2
PVT,CPSC-Q1285,V3
PVT,CPSC-Q1285,V4
PVT,CPSC-Q1285,V5
PVT,CPSC-Q1285,V6
VFIB,CPSC-Q2497,I
VFIB,CPSC-Q2497,II
VFIB,CPSC-Q2497,III
VFIB,CPSC-Q2497,aVR
VFIB,CPSC-Q2497,aVL
VFIB,CPSC-Q2497,aVF
VFIB,CPSC-Q2497,V1
VFIB,CPSC-Q2497,V2
VFIB,CPSC-Q2497,V3
VFIB,CPSC-Q2497,V4
VFIB,CPSC-Q2497,V5
VFIB,CPSC-Q2497,V6
